[{"@type":"mappingTemplate","id":"@1","name":"U_ACCOUNT_IMPORT_MAPPING","description":"","bundleVersion":"0","templateId":"@3","deployTime":1668498303000,"hasParameters":false,"valid":true,"fixedConnection":true,"hasParametersDeployed":false,"fixedConnectionDeployed":true,"isSchemaValidationEnabled":false,"tasks":0,"mappingPreviewFileRecordId":"@2","documentType":"MAPPING","references":[{"@type":"reference","refObjectId":"@aXbgViGCS9pcFjhxPJYcAG","refType":"connection"},{"@type":"reference","refObjectId":"@5DGmwR1V1G8i4BTRsul148","refType":"connection"}]}]