[{"@type":"mappingTemplate","id":"@1","name":"D_GL_TRANSACTION","description":"","bundleVersion":"0","templateId":"@3","deployTime":1665175364000,"hasParameters":false,"valid":true,"fixedConnection":true,"hasParametersDeployed":false,"fixedConnectionDeployed":true,"tasks":0,"mappingPreviewFileRecordId":"@2","documentType":"MAPPING","references":[{"@type":"reference","refObjectId":"@0LLEbIeFVEddIimZPkFowX","refType":"connection"},{"@type":"reference","refObjectId":"@aXbgViGCS9pcFjhxPJYcAG","refType":"connection"}]}]